INSERT INTO "User" (id, name, email, role)
VALUES
    (1, 'John Doe', 'john.doe@example.com', 'user'),
    (2, 'Jane Smith', 'jane.smith@example.com', 'admin'),
    (3, 'Bob Johnson', 'bob.johnson@example.com', 'user'),
    (4, 'Alice Brown', 'alice.brown@example.com', 'user'),
    (5, 'Tom Wilson', 'tom.wilson@example.com', 'admin'),
    (6, 'Emily White', 'emily.white@example.com', 'user'),
    (7, 'Michael Lee', 'michael.lee@example.com', 'admin'),
    (8, 'Sophia Chen', 'sophia.chen@example.com', 'user'),
    (9, 'Daniel Kim', 'daniel.kim@example.com', 'user'),
    (10, 'Olivia Davis', 'olivia.davis@example.com', 'admin'),
    (11, 'James Rodriguez', 'james.rodriguez@example.com', 'user'),
    (12, 'Ava Martinez', 'ava.martinez@example.com', 'admin'),
    (13, 'William Nguyen', 'william.nguyen@example.com', 'user'),
    (14, 'Isabella Patel', 'isabella.patel@example.com', 'user'),
    (15, 'Alexander Lopez', 'alexander.lopez@example.com', 'user'),
    (16, 'Mia Garcia', 'mia.garcia@example.com', 'admin'),
    (17, 'Ethan Martinez', 'ethan.martinez@example.com', 'user'),
    (18, 'Amelia Kim', 'amelia.kim@example.com', 'user'),
    (19, 'Michaela Smith', 'michaela.smith@example.com', 'user'),
    (20, 'Elijah Johnson', 'elijah.johnson@example.com', 'admin');

INSERT INTO Book (id, book_name)
VALUES
    (1, 'Introduction to SQL'),
    (2, 'Data Science 101'),
    (3, 'Web Development Basics'),
    (4, 'Python Programming'),
    (5, 'Java for Beginners'),
    (6, 'Artificial Intelligence Essentials'),
    (7, 'Machine Learning Fundamentals'),
    (8, 'JavaScript for Web Developers'),
    (9, 'Database Design Principles'),
    (10, 'Advanced Python Techniques'),
    (11, 'Data Visualization Techniques'),
    (12, 'Algorithms and Data Structures'),
    (13, 'Operating System Concepts'),
    (14, 'Mobile App Development'),
    (15, 'Network Security Fundamentals'),
    (16, 'Cloud Computing Essentials'),
    (17, 'Big Data Analytics'),
    (18, 'UI/UX Design Principles'),
    (19, 'Digital Marketing Strategies'),
    (20, 'E-commerce Business Models');

INSERT INTO BookUser (bookid, userid)
VALUES
    (1, 1),
    (1, 2),
    (2, 3),
    (3, 1),
    (4, 4),
    (5, 5),
    (3, 2),
    (6, 6),
    (7, 7),
    (8, 8),
    (9, 9),
    (10, 10),
    (11, 11),
    (12, 12),
    (13, 13),
    (14, 14),
    (15, 15),
    (16, 16),
    (17, 17),
    (18, 18);

INSERT INTO Security (id, isin, cusip, issuer, maturitydate, coupon, type, facevalue, status)
VALUES
    (1,'US1234567890','123456789','ABC Corporation','2025-08-31','4.50','Corporate',1000,'Due'),
    (2,'US0987654321','987654321','XYZ Inc.','2024-12-15','3.25','Government',500,'Pending'),
    (3,'US5678901234','567890123','LMN Bank','2030-05-20','2.75','Municipal',10000,'Due'),
    (4,'US1122334455','112233445','PQR Corp.','2022-10-01','5.00','Corporate',2000,'Completed'),
    (5,'US9876543210','9876543210','DEF Corporation','2035-03-08','2,0','Convertible',1400,'Due'),
    (6,'US1357924680','135792468','LMN Corporation','2032-11-30','3.75','Corporate',2500,'Due'),
    (7,'US2468135790','246813579','XYZ Bank','2023-06-25','2.25','Municipal',5000,'Pending'),
    (8,'US8642097531','864209753','ABC Inc.','2031-09-10','4.00','Government',1500,'Due'),
    (9,'US9753108642','975310864','PQR Bank','2027-04-18','3.50','Corporate',3000,'Due'),
    (10,'US1010101010','101010101','DEF Corp.','2033-12-01','3.90','Convertible',1200,'Completed'),
    (11,'US1029384756','102938475','ABC Corporation','2032-07-15','3.75','Corporate',1200,'Due'),
    (12,'US6574839201','657483920','XYZ Inc.','2037-05-30','2.50','Government',800,'Due'),
    (13,'US1928374650','192837465','LMN Bank','2028-09-22','2.25','Municipal',5000,'Due'),
    (14,'US5554443330','555444333','PQR Corp.','2036-12-05','4.50','Corporate',3000,'Due'),
    (15,'US7778889990','777888999','DEF Corporation','2026-03-18','3.40','Convertible',4000,'Pending'),
    

INSERT INTO Counterparty (id, name)
VALUES
    (1, 'ABC Corporation'),
    (2, 'XYZ Bank'),
    (3, 'PQR Investments'),
    (4, 'LMN Fund'),
    (5, 'DEF Company'),
    (6, 'GHI Bank'),
    (7, 'JKL Investments'),
    (8, 'MNO Fund'),
    (9, 'STU Corporation'),
    (10, 'VWX Bank'),
    (11, 'YZA Investments'),
    (12, 'BCD Fund'),
    (13, 'EFG Company'),
    (14, 'HIJ Bank'),
    (15, 'KLM Investments'),
    (16, 'NOP Fund'),
    (17, 'QRS Corporation'),
    (18, 'TUV Bank'),
    (19, 'WXY Investments'),
    (20, 'ZAB Fund');

INSERT INTO Trade (id, bookid, counterpartyid, securityid, quantity, status, price, buysell, tradedate, settlementdate)
VALUES
    (1, 1, 2, 1, 100, 'Open', 101.25, 'Buy', '2023-08-01', '2023-08-03'),
    (2, 3, 1, 2, 50, 'Closed', 89.75, 'Sell', '2023-08-02', '2023-08-04'),
    (3, 2, 3, 4, 200, 'Open', 97.50, 'Buy', '2023-08-03', '2023-08-05'),
    (4, 4, 2, 3, 75, 'Open', 105.80, 'Buy', '2023-08-03', '2023-08-06'),
    (5, 5, 1, 5, 150, 'Closed', 98.25, 'Sell', '2023-08-04', '2023-08-06'),
    (6, 6, 2, 6, 300, 'Open', 104.50, 'Buy', '2023-08-05', '2023-08-07'),
    (7, 7, 3, 7, 50, 'Open', 75.60, 'Buy', '2023-08-06', '2023-08-08'),
    (8, 8, 1, 8, 100, 'Open', 80.30, 'Buy', '2023-08-07', '2023-08-09'),
    (9, 9, 2, 9, 250, 'Closed', 92.75, 'Sell', '2023-08-08', '2023-08-10'),
    (10, 10, 3, 10, 120, 'Open', 85.20, 'Buy', '2023-08-09', '2023-08-11'),
    (11, 11, 1, 11, 80, 'Closed', 100.40, 'Sell', '2023-08-10', '2023-08-12'),
    (12, 12, 2, 12, 300, 'Open', 110.10, 'Buy', '2023-08-11', '2023-08-13'),
    (13, 13, 3, 13, 50, 'Open', 95.80, 'Buy', '2023-08-12', '2023-08-14'),
    (14, 14, 1, 14, 180, 'Closed', 82.30, 'Sell', '2023-08-13', '2023-08-15'),
    (15, 15, 2, 15, 75, 'Open', 90.50, 'Buy', '2023-08-14', '2023-08-16'),
    (16, 16, 3, 1, 200, 'Open', 98.70, 'Buy', '2023-08-15', '2023-08-17'),
    (17, 17, 1, 2, 100, 'Open', 105.20, 'Buy', '2023-08-16', '2023-08-18'),
    (18, 18, 2, 3, 50, 'Closed', 88.90, 'Sell', '2023-08-17', '2023-08-19'),
    (19, 19, 3, 4, 150, 'Open', 92.10, 'Buy', '2023-08-18', '2023-08-20'),
    (20, 20, 1, 5, 80, 'Open', 79.30, 'Buy', '2023-08-19', '2023-08-21');
